varOfWork,capacityOfMainConveyor,quantityOfVagonsToSilageAtOnce,quantityOfVehicleDischargeStations,numberOfVehicleSilages,capacityOfVehicleSilages,quantityOfSilages,yearsModelWorking,vesselsHandledQtt,primeCost,handlingTime,profit,timeAtTerminal
3,1038,8,2,3,947,19,1,107.0,362.22,24.98120966344915,676084512.2,13.772512798418099
3,1095,10,2,3,908,19,1,99.0,383.53,18.51392843671448,627009991.1,13.735161913632055
3,878,9,3,3,897,19,1,99.0,385.75,20.40687228890337,629092441.3,13.834181895458425
3,835,9,2,4,877,19,1,93.0,408.92,24.736788887668013,579726215.25,13.722180101975233
