{
  "total_solutions": 11,
  "pareto_solutions": 7,
  "pareto_percentage": 63.63636363636363,
  "kpi_ranges": {
    "vesselsHandledQtt": {
      "min": 0.0,
      "max": 112.0,
      "mean": 62.09090909090909,
      "std": 49.679884350619304
    },
    "primeCost": {
      "min": 348.9,
      "max": 9.223372036854776e+16,
      "mean": 3.3539534679472164e+16,
      "std": 4.6534215842134024e+16
    },
    "handlingTime": {
      "min": 0.0,
      "max": 50.23153544120582,
      "mean": 15.77730854691373,
      "std": 15.633312511352234
    },
    "profit": {
      "min": -78105270.0,
      "max": 714582591.85,
      "mean": 361362502.7590909,
      "std": 351963864.0670492
    },
    "timeAtTerminal": {
      "min": 0.0,
      "max": 14.564363632165271,
      "mean": 8.906349106864813,
      "std": 7.065550959103279
    }
  },
  "pareto_kpi_ranges": {
    "vesselsHandledQtt": {
      "min": 90.0,
      "max": 112.0,
      "mean": 97.57142857142857,
      "std": 8.638231741453087
    },
    "primeCost": {
      "min": 348.9,
      "max": 420.31,
      "mean": 391.4642857142857,
      "std": 29.463403207562923
    },
    "handlingTime": {
      "min": 16.391473621014804,
      "max": 50.23153544120582,
      "mean": 24.792913430864434,
      "std": 12.106078506776015
    },
    "profit": {
      "min": 555832760.25,
      "max": 714582591.85,
      "mean": 612486944.3357145,
      "std": 64308535.9996924
    },
    "timeAtTerminal": {
      "min": 13.613432064270969,
      "max": 14.564363632165271,
      "mean": 13.995691453644705,
      "std": 0.32094839781405027
    }
  }
}