{
  "total_solutions": 4,
  "pareto_solutions": 4,
  "pareto_percentage": 100.0,
  "kpi_ranges": {
    "vesselsHandledQtt": {
      "min": 80.0,
      "max": 99.0,
      "mean": 91.5,
      "std": 8.18535277187245
    },
    "primeCost": {
      "min": 377.74,
      "max": 470.71,
      "mean": 413.27,
      "std": 40.022173021130826
    },
    "handlingTime": {
      "min": 14.19957093253992,
      "max": 26.625221851244632,
      "mean": 17.672333629245877,
      "std": 5.995941527337426
    },
    "profit": {
      "min": 480828262.65,
      "max": 628320868.25,
      "mean": 572288275.8874999,
      "std": 63668657.14122334
    },
    "timeAtTerminal": {
      "min": 13.539654866382598,
      "max": 13.854484277875322,
      "mean": 13.690051288571205,
      "std": 0.1301462418833762
    }
  },
  "pareto_kpi_ranges": {
    "vesselsHandledQtt": {
      "min": 80.0,
      "max": 99.0,
      "mean": 91.5,
      "std": 8.18535277187245
    },
    "primeCost": {
      "min": 377.74,
      "max": 470.71,
      "mean": 413.27,
      "std": 40.022173021130826
    },
    "handlingTime": {
      "min": 14.19957093253992,
      "max": 26.625221851244632,
      "mean": 17.672333629245877,
      "std": 5.995941527337426
    },
    "profit": {
      "min": 480828262.65,
      "max": 628320868.25,
      "mean": 572288275.8874999,
      "std": 63668657.14122334
    },
    "timeAtTerminal": {
      "min": 13.539654866382598,
      "max": 13.854484277875322,
      "mean": 13.690051288571205,
      "std": 0.1301462418833762
    }
  }
}