{
  "total_solutions": 35,
  "pareto_solutions": 33,
  "pareto_percentage": 94.28571428571428,
  "kpi_ranges": {
    "vesselsHandledQtt": {
      "min": 84.0,
      "max": 110.0,
      "mean": 100.31428571428572,
      "std": 5.345539253991723
    },
    "primeCost": {
      "min": 353.95,
      "max": 453.62,
      "mean": 380.7877142857143,
      "std": 18.40031954417453
    },
    "handlingTime": {
      "min": 13.58348241319638,
      "max": 34.59962462330021,
      "mean": 23.85979201987078,
      "std": 5.643562765543366
    },
    "profit": {
      "min": 508280538.0,
      "max": 704633930.95,
      "mean": 632152669.8357142,
      "std": 37306895.55311102
    },
    "timeAtTerminal": {
      "min": 13.207340310638788,
      "max": 14.251582321113808,
      "mean": 13.742995456585682,
      "std": 0.2496039945031692
    }
  },
  "pareto_kpi_ranges": {
    "vesselsHandledQtt": {
      "min": 84.0,
      "max": 110.0,
      "mean": 100.0909090909091,
      "std": 5.427727634353743
    },
    "primeCost": {
      "min": 353.95,
      "max": 453.62,
      "mean": 381.16636363636366,
      "std": 18.898280811058882
    },
    "handlingTime": {
      "min": 13.58348241319638,
      "max": 34.59962462330021,
      "mean": 24.0718458298032,
      "std": 5.747077751565153
    },
    "profit": {
      "min": 508280538.0,
      "max": 704633930.95,
      "mean": 631491322.3833333,
      "std": 38352299.59129319
    },
    "timeAtTerminal": {
      "min": 13.207340310638788,
      "max": 14.251582321113808,
      "mean": 13.740695286474388,
      "std": 0.2571002851228812
    }
  }
}