{
  "total_solutions": 9,
  "pareto_solutions": 4,
  "pareto_percentage": 44.44444444444444,
  "kpi_ranges": {
    "vesselsHandledQtt": {
      "min": 0.0,
      "max": 107.0,
      "mean": 44.22222222222222,
      "std": 52.55896159975428
    },
    "primeCost": {
      "min": 362.22,
      "max": 9.223372036854776e+16,
      "mean": 5.124095576030448e+16,
      "std": 4.861143890594577e+16
    },
    "handlingTime": {
      "min": 0.0,
      "max": 24.98120966344915,
      "mean": 9.84875547519278,
      "std": 11.843741405307702
    },
    "profit": {
      "min": -78946795.0,
      "max": 676084512.2,
      "mean": 235242131.65000004,
      "std": 373360552.71673286
    },
    "timeAtTerminal": {
      "min": 0.0,
      "max": 13.834181895458425,
      "mean": 6.118226301053757,
      "std": 7.25538902649093
    }
  },
  "pareto_kpi_ranges": {
    "vesselsHandledQtt": {
      "min": 93.0,
      "max": 107.0,
      "mean": 99.5,
      "std": 5.744562646538029
    },
    "primeCost": {
      "min": 362.22,
      "max": 408.92,
      "mean": 385.105,
      "std": 19.094275756536735
    },
    "handlingTime": {
      "min": 18.51392843671448,
      "max": 24.98120966344915,
      "mean": 22.159699819183754,
      "std": 3.2128055855865476
    },
    "profit": {
      "min": 579726215.25,
      "max": 676084512.2,
      "mean": 627978289.9625001,
      "std": 39347385.63070571
    },
    "timeAtTerminal": {
      "min": 13.722180101975233,
      "max": 13.834181895458425,
      "mean": 13.766009177370952,
      "std": 0.05020743008884767
    }
  }
}