id,varOfWork,capacityOfMainConveyor,quantityOfVagonsToSilageAtOnce,quantityOfVehicleDischargeStations,numberOfVehicleSilages,capacityOfVehicleSilages,quantityOfSilages,yearsModelWorking,vesselsHandledQtt,primeCost,handlingTime,profit,timeAtTerminal
SOL_000004,3,990,9,2,4,932,19,1,112.0,348.9,50.23153544120582,714582591.85,14.011914088281571
SOL_000011,3,1176,8,2,2,818,18,1,106.0,354.69,30.055962630712383,682732298.95,13.79977269046675
SOL_000013,3,811,9,2,4,932,19,1,100.0,384.12,19.47852414752643,629450550.9,14.261370660371732
SOL_000005,3,1176,9,3,2,818,18,1,92.0,406.91,21.41338799175882,576076677.95,13.892693114643766
SOL_000012,3,914,10,2,3,932,19,1,92.0,420.31,17.066283134638685,555832760.25,14.564363632165271
SOL_000010,3,990,9,2,3,932,19,1,91.0,415.93,16.391473621014804,563547206.55,13.826293925312882
SOL_000009,3,990,9,2,2,818,18,1,90.0,409.39,18.913227049194077,565186523.9,13.613432064270969
