id,varOfWork,capacityOfMainConveyor,quantityOfVagonsToSilageAtOnce,quantityOfVehicleDischargeStations,numberOfVehicleSilages,capacityOfVehicleSilages,quantityOfSilages,yearsModelWorking,vesselsHandledQtt,primeCost,handlingTime,profit,timeAtTerminal
SOL_000003,3,862,8,2,2,866,18,1,99.0,377.74,26.625221851244632,628320868.25,13.854484277875322
SOL_000004,3,969,8,4,2,866,18,1,95.0,400.98,15.49073673307171,593807062.1,13.539654866382598
SOL_000001,3,969,10,2,3,954,19,1,92.0,403.65,14.37380500012725,586196910.55,13.70603657476124
SOL_000002,3,862,8,4,2,866,18,1,80.0,470.71,14.19957093253992,480828262.65,13.660029435265656
